timestamp,v1,v2,label
1752471464,1.455,1.703,2
1752471464,1.458,1.603,2
1752471464,1.446,1.704,2
1752471464,1.496,1.608,2
1752471464,1.426,1.668,2
1752471464,1.571,1.685,2
1752471464,1.438,1.658,2
1752471464,1.554,1.738,2
1752471464,1.413,1.654,2
1752471464,1.492,1.742,2
1752471464,1.397,1.617,2
1752471464,1.449,1.721,2
1752471464,1.42,1.581,2
1752471464,1.434,1.689,2
1752471464,1.472,1.632,2
1752471464,1.442,1.647,2
1752471464,1.55,1.696,2
1752471464,1.434,1.634,2
1752471464,1.518,1.731,2
1752471464,1.406,1.628,2
1752471464,1.517,1.743,2
1752471464,1.393,1.599,2
1752471464,1.44,1.721,2
1752471464,1.446,1.591,2
1752471464,1.422,1.671,2
1752471464,1.494,1.637,2
1752471464,1.402,1.658,2
1752471464,1.52,1.687,2
1752471464,1.364,1.659,2
1752471464,1.568,1.734,2
1752471464,1.395,1.617,2
1752471464,1.489,1.73,2
1752471464,1.394,1.604,2
1752471464,1.496,1.7,2
1752471464,1.421,1.599,2
1752471464,1.441,1.668,2
1752471464,1.473,1.644,2
1752471464,1.438,1.661,2
1752471464,1.542,1.692,2
1752471464,1.42,1.64,2
1752471464,1.556,1.741,2
1752471464,1.341,1.613,2
1752471464,1.505,1.728,2
1752471464,1.46,1.602,2
1752471464,1.472,1.699,2
1752471464,1.48,1.615,2
1752471464,1.447,1.684,2
1752471464,1.537,1.658,2
1752471464,1.43,1.686,2
1752471464,1.537,1.69,2
1752471464,1.418,1.608,2
1752471464,1.538,1.742,2
1752471464,1.379,1.601,2
1752471464,1.488,1.725,2
1752471464,1.365,1.59,2
1752471464,1.463,1.733,2
1752471464,1.443,1.613,2
1752471464,1.393,1.694,2
1752471464,1.509,1.624,2
1752471464,1.404,1.661,2
1752471464,1.547,1.691,2
1752471464,1.448,1.637,2
1752471464,1.525,1.726,2
1752471464,1.397,1.613,2
1752471464,1.464,1.733,2
1752471464,1.413,1.606,2
1752471464,1.472,1.679,2
1752471464,1.422,1.585,2
1752471464,1.442,1.696,2
1752471464,1.521,1.646,2
1752471464,1.426,1.672,2
1752471464,1.581,1.704,2
1752471464,1.438,1.639,2
1752471464,1.538,1.724,2
1752471464,1.458,1.637,2
1752471464,1.496,1.752,2
1752471464,1.422,1.59,2
1752471464,1.438,1.715,2
1752471464,1.442,1.59,2
1752471464,1.441,1.687,2
1752471464,1.496,1.633,2
1752471464,1.436,1.66,2
1752471464,1.542,1.708,2
1752471464,1.447,1.626,2
1752471464,1.581,1.761,2
1752471464,1.409,1.646,2
1752471464,1.515,1.749,2
1752471464,1.409,1.597,2
1752471464,1.444,1.705,2
1752471464,1.458,1.614,2
1752471464,1.474,1.681,2
1752471464,1.546,1.658,2
1752471464,1.416,1.648,2
1752471464,1.53,1.704,2
1752471464,1.435,1.654,2
1752471464,1.509,1.743,2
1752471464,1.397,1.632,2
1752471464,1.491,1.741,2
1752471464,1.37,1.592,2
1752471464,1.467,1.689,2
1752471464,1.447,1.604,2
1752471464,1.448,1.668,2
1752471464,1.47,1.621,2
1752471464,1.435,1.654,2
1752471464,1.489,1.681,2
1752471464,1.407,1.642,2
1752471464,1.555,1.734,2
1752471464,1.419,1.626,2
1752471464,1.488,1.728,2
1752471464,1.427,1.599,2
1752471464,1.475,1.703,2
1752471464,1.466,1.589,2
1752471464,1.457,1.677,2
1752471464,1.496,1.665,2
1752471464,1.443,1.694,2
1752471464,1.542,1.691,2
1752471464,1.423,1.635,2
1752471464,1.574,1.748,2
1752471464,1.417,1.621,2
1752471464,1.463,1.724,2
1752471464,1.397,1.573,2
1752471464,1.463,1.729,2
1752471464,1.393,1.598,2
1752471464,1.442,1.704,2
1752471464,1.484,1.629,2
1752471464,1.431,1.654,2
1752471464,1.518,1.665,2
1752471464,1.434,1.663,2
1752471464,1.517,1.704,2
1752471464,1.422,1.62,2
1752471464,1.509,1.744,2
1752471464,1.405,1.612,2
1752471464,1.436,1.704,2
1752471464,1.457,1.588,2
1752471464,1.461,1.704,2
1752471464,1.485,1.6,2
1752471464,1.445,1.671,2
1752471464,1.539,1.686,2
1752471464,1.407,1.653,2
1752471464,1.543,1.709,2
1752471464,1.422,1.661,2
1752471464,1.5,1.75,2
1752471464,1.41,1.616,2
1752471464,1.471,1.712,2
1752471464,1.371,1.584,2
1752471464,1.464,1.697,2
1752471464,1.468,1.603,2
1752471464,1.434,1.663,2
1752471464,1.517,1.651,2
1752471464,1.434,1.679,2
1752471464,1.554,1.67,2
1752471464,1.414,1.651,2
1752471464,1.544,1.751,2
1752471464,1.41,1.637,2
1752471464,1.484,1.721,2
1752471464,1.402,1.584,2
1752471464,1.465,1.731,2
1752471464,1.447,1.605,2
1752471464,1.479,1.671,2
1752471464,1.48,1.625,2
1752471464,1.436,1.677,2
1752471464,1.537,1.665,2
1752471464,1.427,1.654,2
1752471464,1.524,1.737,2
1752471464,1.418,1.625,2
1752471464,1.49,1.743,2
1752471464,1.368,1.599,2
1752471464,1.486,1.694,2
1752471464,1.422,1.584,2
1752471464,1.445,1.694,2
1752471464,1.455,1.608,2
1752471464,1.422,1.671,2
1752471464,1.513,1.665,2
1752471464,1.436,1.663,2
1752471464,1.504,1.716,2
1752471464,1.434,1.65,2
1752471464,1.537,1.731,2
1752471464,1.433,1.626,2
1752471464,1.457,1.716,2
1752471464,1.395,1.599,2
1752471464,1.468,1.733,2
1752471464,1.464,1.602,2
1752471464,1.439,1.704,2
1752471464,1.507,1.631,2
1752471464,1.454,1.675,2
1752471464,1.528,1.673,2
1752471464,1.442,1.637,2
1752471464,1.504,1.712,2
1752471464,1.409,1.615,2
1752471464,1.462,1.747,2
1752471464,1.388,1.6,2
1752471464,1.473,1.712,2
1752471464,1.43,1.608,2
1752471464,1.449,1.679,2
1752471464,1.542,1.667,2
1752471464,1.451,1.654,2
1752471464,1.533,1.666,2
1752471464,1.426,1.661,2
1752471464,1.535,1.726,2
1752471464,1.39,1.648,2
1752471464,1.517,1.729,2
1752471464,1.414,1.568,2
1752471464,1.48,1.736,2
1752471464,1.414,1.578,2
1752471464,1.444,1.67,2
1752471464,1.48,1.581,2
1752471464,1.43,1.679,2
1752471464,1.528,1.695,2
1752471464,1.43,1.688,2
1752471464,1.53,1.702,2
1752471464,1.361,1.658,2
1752471464,1.492,1.751,2
1752471464,1.406,1.613,2
1752471464,1.474,1.719,2
1752471464,1.427,1.622,2
1752471464,1.452,1.689,2
1752471464,1.461,1.6,2
1752471464,1.451,1.687,2
1752471464,1.53,1.65,2
1752471464,1.453,1.66,2
1752471464,1.538,1.663,2
1752471464,1.453,1.658,2
1752471464,1.574,1.768,2
1752471464,1.431,1.642,2
1752471464,1.501,1.738,2
1752471464,1.434,1.607,2
1752471464,1.451,1.704,2
1752471464,1.431,1.571,2
1752471464,1.447,1.704,2
1752471464,1.486,1.615,2
1752471464,1.439,1.646,2
1752471464,1.512,1.754,2
1752471464,1.401,1.654,2
1752471464,1.517,1.631,2
1752471464,1.409,1.7,2
1752471464,1.475,1.722,2
1752471464,1.433,1.623,2
1752471464,1.472,1.75,2
1752471464,1.333,1.554,2
1752471464,1.433,1.708,2
1752471464,1.496,1.6,2
1752471464,1.409,1.787,2
1752471464,1.521,1.66,2
1752471464,1.438,1.658,2
1752471464,1.446,1.684,2
1752471464,1.458,1.636,2
1752471464,1.513,1.791,2
1752471464,1.376,1.6,2
1752471464,1.482,1.723,2
1752471464,1.423,1.579,2
1752471464,1.445,1.693,2
1752471464,1.465,1.582,2
1752471464,1.468,1.693,2
1752471464,1.56,1.652,2
1752471464,1.447,1.679,2
1752471464,1.479,1.78,2
1752471464,1.441,1.687,2
1752471464,1.502,1.782,2
1752471464,1.436,1.563,2
1752471464,1.492,1.808,2
1752471464,1.443,1.571,2
1752471464,1.41,1.734,2
1752471464,1.41,1.588,2
1752471464,1.433,1.727,2
1752471464,1.467,1.635,2
1752471464,1.424,1.59,2
1752471464,1.506,1.825,2
1752471464,1.444,1.629,2
1752471464,1.51,1.742,2
1752471464,1.429,1.617,2
1752471464,1.468,1.751,2
1752471464,1.421,1.519,2
1752471464,1.435,1.788,2
1752471464,1.459,1.613,2
1752471464,1.459,1.721,2
1752471464,1.492,1.603,2
1752471464,1.426,1.66,2
1752471464,1.53,1.638,2
1752471464,1.464,1.621,2
1752471464,1.523,1.673,2
1752471464,1.436,1.637,2
1752471464,1.544,1.788,2
1752471464,1.422,1.615,2
1752471464,1.472,1.741,2
1752471464,1.41,1.612,2
1752471464,1.472,1.711,2
1752471464,1.452,1.631,2
1752471464,1.433,1.658,2
1752471464,1.559,1.7,2
1752471464,1.473,1.613,2
1752471464,1.479,1.696,2
1752471464,1.47,1.658,2
1752471464,1.497,1.75,2
1752471464,1.443,1.635,2
1752471464,1.47,1.754,2
1752471464,1.434,1.572,2
1752471464,1.464,1.723,2
1752471464,1.388,1.542,2
1752471464,1.516,1.645,2
1752471464,1.449,1.645,2
1752471464,1.49,1.681,2
1752471464,1.474,1.595,2
1752471464,1.474,1.693,2
1752471464,1.513,1.673,2
1752471464,1.419,1.62,2
1752471464,1.518,1.755,2
1752471464,1.449,1.613,2
1752471464,1.472,1.698,2
1752471464,1.433,1.609,2
1752471464,1.427,1.735,2
1752471464,1.421,1.581,2
1752471464,1.458,1.653,2
1752471464,1.451,1.733,2
1752471464,1.434,1.625,2
1752471464,1.532,1.692,2
1752471464,1.412,1.633,2
1752471464,1.514,1.745,2
1752471464,1.442,1.591,2
1752471464,1.496,1.742,2
1752471464,1.402,1.563,2
1752471464,1.48,1.702,2
1752471464,1.48,1.665,2
1752471464,1.419,1.717,2
1752471464,1.472,1.619,2
1752471464,1.44,1.634,2
1752471464,1.493,1.744,2
1752471464,1.357,1.658,2
1752471464,1.521,1.72,2
1752471464,1.446,1.626,2
1752471464,1.437,1.771,2
1752471464,1.447,1.581,2
1752471464,1.422,1.747,2
1752471464,1.397,1.526,2
1752471464,1.43,1.757,2
1752471464,1.413,1.613,2
1752471464,1.462,1.642,2
1752471464,1.501,1.696,2
1752471464,1.445,1.666,2
1752471464,1.442,1.687,2
1752471464,1.454,1.647,2
1752471464,1.496,1.745,2
1752471464,1.427,1.602,2
1752471464,1.504,1.69,2
1752471464,1.446,1.613,2
1752471464,1.428,1.716,2
1752471464,1.496,1.591,2
1752471464,1.442,1.588,2
1752471464,1.451,1.675,2
1752471464,1.467,1.622,2
1752471464,1.519,1.707,2
1752471464,1.444,1.646,2
1752471464,1.525,1.775,2
1752471464,1.413,1.586,2
1752471464,1.503,1.81,2
1752471464,1.429,1.595,2
1752471464,1.474,1.692,2
1752471464,1.417,1.555,2
1752471464,1.397,1.679,2
1752471464,1.489,1.574,2
1752471464,1.409,1.675,2
1752471464,1.521,1.698,2
1752471464,1.446,1.667,2
1752471464,1.528,1.771,2
1752471464,1.351,1.577,2
1752471464,1.509,1.73,2
1752471464,1.433,1.641,2
1752471464,1.43,1.729,2
1752471464,1.442,1.541,2
1752471464,1.455,1.658,2
1752471464,1.443,1.563,2
1752471464,1.446,1.66,2
1752471464,1.571,1.679,2
1752471464,1.489,1.621,2
1752471464,1.513,1.729,2
1752471464,1.434,1.646,2
1752471464,1.452,1.758,2
1752471464,1.319,1.558,2
1752471464,1.48,1.716,2
1752471464,1.47,1.581,2
1752471464,1.464,1.704,2
1752471464,1.46,1.597,2
1752471464,1.449,1.688,2
1752471464,1.492,1.654,2
1752471464,1.455,1.64,2
1752471464,1.494,1.726,2
1752471464,1.462,1.632,2
1752471464,1.486,1.722,2
1752471464,1.441,1.615,2
1752471464,1.488,1.734,2
1752471464,1.48,1.625,2
1752471464,1.467,1.692,2
1752471464,1.462,1.595,2
1752471464,1.405,1.703,2
1752471464,1.502,1.623,2
1752471464,1.402,1.633,2
1752471464,1.48,1.697,2
1752471464,1.469,1.663,2
1752471464,1.506,1.709,2
1752471464,1.344,1.666,2
1752471464,1.485,1.731,2
1752471464,1.423,1.578,2
1752471464,1.427,1.67,2
1752471464,1.388,1.626,2
1752471464,1.49,1.694,2
1752471464,1.465,1.591,2
1752471464,1.458,1.683,2
1752471464,1.57,1.67,2
1752471464,1.457,1.68,2
1752471464,1.556,1.73,2
1752471464,1.391,1.61,2
1752471464,1.495,1.758,2
1752471464,1.329,1.537,2
1752471464,1.474,1.711,2
1752471464,1.426,1.586,2
1752471464,1.468,1.73,2
1752471464,1.451,1.606,2
1752471464,1.434,1.719,2
1752471464,1.506,1.636,2
1752471464,1.438,1.654,2
1752471464,1.565,1.657,2
1752471464,1.395,1.613,2
1752471464,1.513,1.743,2
1752471464,1.424,1.592,2
1752471464,1.44,1.728,2
1752471464,1.438,1.625,2
1752471464,1.393,1.697,2
1752471464,1.465,1.599,2
1752471464,1.397,1.679,2
1752471464,1.462,1.66,2
1752471464,1.457,1.664,2
1752471464,1.478,1.679,2
1752471464,1.422,1.615,2
1752471464,1.513,1.768,2
1752471464,1.458,1.607,2
1752471464,1.467,1.766,2
1752471464,1.472,1.61,2
1752471464,1.459,1.703,2
1752471464,1.459,1.585,2
1752471464,1.436,1.666,2
1752471464,1.496,1.634,2
1752471464,1.451,1.642,2
1752471464,1.49,1.667,2
1752471464,1.452,1.658,2
1752471464,1.504,1.754,2
1752471464,1.438,1.648,2
1752471464,1.508,1.762,2
1752471464,1.408,1.575,2
1752471464,1.494,1.777,2
1752471464,1.451,1.589,2
1752471464,1.475,1.724,2
1752471464,1.448,1.582,2
1752471464,1.371,1.696,2
1752471464,1.483,1.67,2
1752471464,1.473,1.652,2
1752471464,1.496,1.719,2
1752471464,1.455,1.608,2
1752471464,1.562,1.78,2
1752471464,1.408,1.599,2
1752471464,1.455,1.751,2
1752471464,1.442,1.557,2
1752471464,1.447,1.71,2
1752471464,1.407,1.553,2
1752471464,1.455,1.696,2
1752471464,1.462,1.651,2
1752471464,1.449,1.658,2
1752471464,1.528,1.689,2
1752471464,1.383,1.637,2
1752471464,1.543,1.765,2
1752471464,1.479,1.613,2
1752471464,1.507,1.725,2
1752471464,1.423,1.55,2
1752471464,1.47,1.716,2
1752471464,1.422,1.584,2
1752471464,1.449,1.679,2
1752471464,1.433,1.628,2
1752471464,1.425,1.651,2
1752471464,1.518,1.683,2
1752471464,1.415,1.658,2
1752471464,1.521,1.742,2
1752471464,1.434,1.636,2
1752471464,1.512,1.745,2
1752471464,1.438,1.617,2
1752471464,1.474,1.749,2
1752471464,1.417,1.556,2
1752471464,1.496,1.699,2
1752471464,1.468,1.633,2
1752471464,1.458,1.685,2
1752471464,1.463,1.654,2
1752471464,1.491,1.655,2
1752471464,1.478,1.76,2
1752471464,1.455,1.642,2
1752471464,1.475,1.768,2
1752471464,1.425,1.602,2
1752471464,1.458,1.719,2
1752471464,1.439,1.588,2
1752471464,1.48,1.717,2
1752471464,1.467,1.593,2
1752471464,1.463,1.667,2
1752471464,1.477,1.642,2
1752471464,1.454,1.667,2
1752471464,1.471,1.712,2
1752471464,1.44,1.638,2
1752471464,1.494,1.736,2
1752471464,1.383,1.639,2
1752471464,1.477,1.744,2
1752471464,1.416,1.634,2
1752471464,1.413,1.686,2
1752471464,1.44,1.558,2
1752471464,1.453,1.711,2
1752471464,1.456,1.608,2
1752471464,1.466,1.626,2
1752471464,1.506,1.696,2
1752471464,1.485,1.625,2
1752471464,1.559,1.704,2
1752471464,1.413,1.637,2
1752471464,1.539,1.754,2
1752471464,1.433,1.611,2
1752471464,1.472,1.754,2
1752471464,1.431,1.567,2
1752471464,1.461,1.699,2
1752471464,1.462,1.599,2
1752471464,1.473,1.687,2
1752471464,1.491,1.629,2
1752471464,1.456,1.658,2
1752471464,1.52,1.675,2
1752471464,1.492,1.658,2
1752471464,1.525,1.737,2
1752471464,1.433,1.623,2
1752471464,1.396,1.725,2
1752471464,1.476,1.586,2
1752471464,1.488,1.715,2
1752471464,1.488,1.575,2
1752471464,1.467,1.699,2
1752471464,1.42,1.598,2
1752471464,1.441,1.653,2
1752471464,1.497,1.683,2
1752471464,1.45,1.663,2
1752471464,1.529,1.749,2
1752471464,1.408,1.642,2
1752471464,1.499,1.737,2
1752471464,1.433,1.589,2
1752471464,1.467,1.737,2
1752471464,1.415,1.572,2
1752471464,1.467,1.699,2
1752471464,1.47,1.588,2
1752471464,1.459,1.658,2
1752471464,1.442,1.689,2
1752471464,1.462,1.657,2
1752471464,1.517,1.751,2
1752471464,1.429,1.629,2
1752471464,1.483,1.758,2
1752471464,1.422,1.628,2
1752471464,1.471,1.735,2
1752471464,1.408,1.577,2
1752471464,1.433,1.697,2
1752471464,1.431,1.593,2
1752471464,1.429,1.681,2
1752471464,1.466,1.674,2
1752471464,1.434,1.646,2
1752471464,1.513,1.743,2
1752471464,1.467,1.65,2
1752471464,1.515,1.766,2
1752471464,1.442,1.622,2
1752471464,1.472,1.756,2
1752471464,1.421,1.572,2
1752471464,1.444,1.717,2
1752471464,1.489,1.603,2
1752471464,1.455,1.671,2
1752471464,1.473,1.621,2
1752471464,1.474,1.694,2
1752471464,1.474,1.67,2
1752471464,1.417,1.614,2
1752471464,1.484,1.763,2
1752471464,1.448,1.617,2
1752471464,1.513,1.778,2
1752471464,1.448,1.615,2
1752471464,1.473,1.727,2
1752471464,1.459,1.549,2
1752471464,1.422,1.704,2
1752471464,1.427,1.584,2
1752471464,1.445,1.689,2
1752471464,1.507,1.671,2
1752471464,1.419,1.627,2
1752471464,1.501,1.708,2
1752471464,1.46,1.662,2
1752471464,1.46,1.715,2
1752471464,1.402,1.606,2
1752471464,1.481,1.743,2
1752471464,1.43,1.588,2
1752471464,1.461,1.708,2
1752471464,1.472,1.607,2
1752471464,1.449,1.689,2
1752471464,1.48,1.588,2
1752471464,1.438,1.676,2
1752471464,1.513,1.706,2
1752471464,1.462,1.659,2
1752471464,1.531,1.748,2
1752471464,1.38,1.604,2
1752471464,1.459,1.769,2
1752471464,1.419,1.584,2
1752471464,1.442,1.709,2
1752471464,1.435,1.579,2
1752471464,1.455,1.702,2
1752471464,1.507,1.605,2
1752471464,1.455,1.689,2
1752471464,1.502,1.703,2
1752471464,1.436,1.619,2
1752471464,1.474,1.744,2
1752471464,1.485,1.706,2
1752471464,1.497,1.764,2
1752471464,1.378,1.606,2
1752471464,1.496,1.687,2
1752471464,1.463,1.613,2
1752471464,1.467,1.711,2
1752471464,1.484,1.631,2
1752471464,1.436,1.665,2
1752471464,1.494,1.651,2
1752471464,1.453,1.652,2
1752471464,1.492,1.71,2
1752471464,1.434,1.633,2
1752471464,1.491,1.726,2
1752471464,1.437,1.631,2
1752471464,1.502,1.702,2
1752471464,1.412,1.606,2
1752471464,1.479,1.712,2
1752471464,1.466,1.586,2
1752471464,1.472,1.741,2
1752471464,1.492,1.629,2
1752471464,1.459,1.658,2
1752471464,1.473,1.715,2
1752471464,1.441,1.675,2
1752471464,1.449,1.747,2
1752471464,1.444,1.635,2
1752471464,1.462,1.743,2
1752471464,1.431,1.608,2
1752471464,1.442,1.712,2
1752471464,1.459,1.588,2
1752471464,1.466,1.692,2
1752471464,1.523,1.646,2
1752471464,1.445,1.675,2
1752471464,1.499,1.691,2
1752471464,1.452,1.653,2
1752471464,1.53,1.735,2
1752471464,1.465,1.61,2
1752471464,1.432,1.744,2
1752471464,1.402,1.637,2
1752471464,1.401,1.716,2
1752471464,1.481,1.607,2
1752471464,1.427,1.687,2
1752471464,1.426,1.588,2
1752471464,1.438,1.698,2
1752471464,1.494,1.618,2
1752471464,1.455,1.667,2
1752471464,1.492,1.706,2
1752471464,1.445,1.675,2
1752471464,1.504,1.741,2
1752471464,1.369,1.613,2
1752471464,1.488,1.762,2
1752471464,1.458,1.546,2
1752471464,1.467,1.72,2
1752471464,1.457,1.555,2
1752471464,1.467,1.707,2
1752471464,1.484,1.606,2
1752471464,1.42,1.659,2
1752471464,1.534,1.721,2
1752471464,1.415,1.633,2
1752471464,1.491,1.72,2
1752471464,1.417,1.628,2
1752471464,1.422,1.745,2
1752471464,1.419,1.602,2
1752471464,1.465,1.687,2
1752471464,1.459,1.593,2
1752471464,1.444,1.658,2
1752471464,1.46,1.671,2
1752471464,1.455,1.712,2
1752471464,1.487,1.707,2
1752471464,1.481,1.629,2
1752471464,1.529,1.713,2
1752471464,1.432,1.629,2
1752471464,1.442,1.747,2
1752471464,1.441,1.639,2
1752471464,1.459,1.735,2
1752471464,1.421,1.582,2
1752471464,1.462,1.704,2
1752471464,1.47,1.584,2
1752471464,1.431,1.67,2
1752471464,1.486,1.637,2
1752471464,1.397,1.696,2
1752471464,1.486,1.68,2
1752471464,1.451,1.626,2
1752471464,1.426,1.769,2
1752471464,1.427,1.571,2
1752471464,1.481,1.749,2
1752471464,1.412,1.642,2
1752471464,1.467,1.689,2
1752471464,1.529,1.625,2
1752471464,1.459,1.664,2
1752471464,1.497,1.658,2
1752471464,1.471,1.679,2
1752471464,1.477,1.704,2
1752471464,1.434,1.641,2
1752471464,1.529,1.731,2
1752471464,1.444,1.625,2
1752471464,1.448,1.701,2
1752471464,1.422,1.599,2
1752471464,1.504,1.733,2
1752471464,1.448,1.536,2
1752471464,1.461,1.712,2
1752471464,1.478,1.63,2
1752471464,1.447,1.677,2
1752471464,1.488,1.642,2
1752471464,1.437,1.663,2
1752471464,1.521,1.76,2
1752471464,1.455,1.638,2
1752471464,1.487,1.725,2
1752471464,1.393,1.592,2
1752471464,1.475,1.722,2
1752471464,1.438,1.618,2
1752471464,1.422,1.671,2
1752471464,1.487,1.612,2
1752471464,1.478,1.683,2
1752471464,1.505,1.692,2
1752471464,1.425,1.65,2
1752471464,1.501,1.737,2
1752471464,1.4,1.618,2
1752471464,1.505,1.725,2
1752471464,1.393,1.588,2
1752471464,1.493,1.787,2
1752471464,1.426,1.533,2
1752471464,1.475,1.713,2
1752471464,1.462,1.613,2
1752471464,1.434,1.665,2
1752471464,1.472,1.679,2
1752471464,1.475,1.652,2
1752471464,1.521,1.678,2
1752471465,1.447,1.64,2
1752471465,1.489,1.763,2
1752471465,1.434,1.625,2
1752471465,1.451,1.725,2
1752471465,1.492,1.59,2
1752471465,1.484,1.68,2
1752471465,1.453,1.596,2
1752471465,1.444,1.68,2
1752471465,1.463,1.606,2
1752471465,1.458,1.679,2
1752471465,1.484,1.684,2
1752471465,1.444,1.658,2
1752471465,1.53,1.742,2
1752471465,1.473,1.617,2
1752471465,1.481,1.75,2
1752471465,1.446,1.593,2
1752471465,1.467,1.735,2
1752471465,1.465,1.588,2
1752471465,1.42,1.705,2
1752471465,1.445,1.625,2
1752471465,1.451,1.687,2
1752471465,1.489,1.679,2
1752471465,1.497,1.663,2
1752471465,1.535,1.723,2
1752471465,1.455,1.673,2
1752471465,1.525,1.743,2
1752471465,1.452,1.588,2
1752471465,1.465,1.709,2
1752471465,1.401,1.652,2
1752471465,1.478,1.729,2
1752471465,1.454,1.567,2
1752471465,1.43,1.702,2
1752471465,1.489,1.62,2
1752471465,1.435,1.671,2
1752471465,1.469,1.685,2
1752471465,1.442,1.689,2
1752471465,1.516,1.712,2
1752471465,1.43,1.57,2
1752471465,1.472,1.776,2
1752471465,1.382,1.563,2
1752471465,1.43,1.73,2
1752471465,1.393,1.641,2
1752471465,1.521,1.7,2
1752471465,1.457,1.608,2
1752471465,1.412,1.662,2
1752471465,1.524,1.684,2
1752471465,1.444,1.66,2
1752471465,1.53,1.771,2
1752471465,1.441,1.626,2
1752471465,1.48,1.703,2
1752471465,1.39,1.575,2
1752471465,1.451,1.713,2
1752471465,1.433,1.613,2
1752471465,1.461,1.673,2
1752471465,1.489,1.64,2
1752471465,1.451,1.644,2
1752471465,1.523,1.683,2
1752471465,1.397,1.613,2
1752471465,1.51,1.666,2
1752471465,1.457,1.628,2
1752471465,1.488,1.75,2
1752471465,1.368,1.578,2
1752471465,1.468,1.715,2
1752471465,1.402,1.596,2
1752471465,1.416,1.7,2
1752471465,1.467,1.588,2
1752471465,1.455,1.721,2
1752471465,1.516,1.632,2
1752471465,1.413,1.654,2
1752471465,1.515,1.671,2
1752471465,1.472,1.633,2
1752471465,1.489,1.787,2
1752471465,1.445,1.633,2
1752471465,1.471,1.739,2
1752471465,1.422,1.543,2
1752471465,1.467,1.729,2
1752471465,1.447,1.578,2
1752471465,1.505,1.666,2
1752471465,1.406,1.624,2
1752471465,1.459,1.667,2
1752471465,1.456,1.687,2
1752471465,1.441,1.678,2
1752471465,1.541,1.711,2
1752471465,1.434,1.652,2
1752471465,1.447,1.739,2
1752471465,1.331,1.629,2
1752471465,1.534,1.738,2
1752471465,1.455,1.575,2
1752471465,1.47,1.715,2
1752471465,1.455,1.609,2
1752471465,1.451,1.66,2
1752471465,1.469,1.67,2
1752471466,1.41,1.619,2
1752471466,1.506,1.723,2
1752471466,1.487,1.62,2
1752471466,1.505,1.751,2
1752471466,1.44,1.606,2
1752471466,1.478,1.737,2
1752471466,1.443,1.638,2
1752471466,1.434,1.704,2
1752471466,1.452,1.589,2
1752471466,1.463,1.679,2
1752471466,1.481,1.617,2
1752471466,1.465,1.677,2
1752471466,1.526,1.675,2
1752471466,1.401,1.672,2
1752471466,1.511,1.716,2
1752471466,1.445,1.669,2
1752471466,1.51,1.713,2
1752471466,1.461,1.55,2
1752471466,1.491,1.733,2
1752471466,1.469,1.619,2
1752471466,1.455,1.689,2
1752471466,1.44,1.647,2
1752471466,1.447,1.669,2
1752471466,1.522,1.712,2
1752471466,1.465,1.596,2
1752471466,1.521,1.778,2
1752471466,1.451,1.629,2
1752471466,1.47,1.729,2
1752471466,1.438,1.569,2
1752471466,1.502,1.712,2
1752471466,1.444,1.579,2
1752471466,1.455,1.687,2
1752471466,1.418,1.626,2
1752471466,1.455,1.679,2
1752471466,1.494,1.655,2
1752471466,1.462,1.68,2
1752471466,1.503,1.687,2
1752471466,1.483,1.679,2
1752471466,1.415,1.749,2
1752471466,1.434,1.571,2
1752471466,1.453,1.744,2
1752471466,1.455,1.571,2
1752471466,1.459,1.716,2
1752471466,1.449,1.613,2
1752471466,1.47,1.653,2
1752471466,1.451,1.636,2
1752471466,1.401,1.692,2
1752471466,1.455,1.748,2
1752471466,1.466,1.642,2
1752471466,1.525,1.725,2
1752471466,1.441,1.628,2
1752471466,1.5,1.755,2
1752471466,1.474,1.571,2
1752471466,1.476,1.742,2
1752471466,1.442,1.599,2
1752471466,1.442,1.724,2
1752471466,1.496,1.615,2
1752471466,1.459,1.631,2
1752471466,1.504,1.645,2
1752471466,1.458,1.661,2
1752471466,1.509,1.724,2
1752471466,1.42,1.692,2
1752471466,1.447,1.673,2
1752471466,1.541,1.645,2
1752471466,1.447,1.668,2
1752471466,1.516,1.683,2
1752471466,1.442,1.635,2
1752471466,1.519,1.745,2
1752471466,1.43,1.634,2
1752471466,1.464,1.791,2
1752471466,1.421,1.557,2
1752471466,1.454,1.762,2
1752471466,1.465,1.563,2
1752471466,1.446,1.626,2
1752471466,1.521,1.584,2
1752471466,1.472,1.654,2
1752471466,1.484,1.642,2
1752471466,1.412,1.646,2
1752471466,1.583,1.761,2
1752471466,1.409,1.59,2
1752471466,1.466,1.77,2
1752471466,1.442,1.627,2
1752471466,1.492,1.731,2
1752471466,1.416,1.591,2
1752471466,1.48,1.646,2
1752471466,1.455,1.625,2
1752471466,1.451,1.653,2
1752471466,1.504,1.62,2
1752471466,1.423,1.712,2
1752471466,1.443,1.667,2
1752471466,1.481,1.599,2
1752471466,1.436,1.731,2
1752471467,1.42,1.6,2
1752471467,1.485,1.705,2
1752471467,1.459,1.571,2
1752471467,1.421,1.689,2
1752471467,1.462,1.588,2
1752471467,1.449,1.676,2
1752471467,1.471,1.692,2
1752471467,1.461,1.666,2
1752471467,1.488,1.7,2
1752471467,1.434,1.617,2
1752471467,1.516,1.754,2
1752471467,1.391,1.633,2
1752471467,1.524,1.734,2
1752471467,1.431,1.601,2
1752471467,1.484,1.744,2
1752471467,1.446,1.575,2
1752471467,1.455,1.711,2
1752471467,1.423,1.582,2
1752471467,1.404,1.679,2
1752471467,1.464,1.646,2
1752471467,1.451,1.629,2
1752471467,1.511,1.679,2
1752471467,1.446,1.64,2
1752471467,1.463,1.739,2
1752471467,1.418,1.622,2
1752471467,1.459,1.726,2
1752471467,1.408,1.596,2
1752471467,1.468,1.732,2
1752471467,1.451,1.588,2
1752471467,1.447,1.66,2
1752471467,1.484,1.597,2
1752471467,1.441,1.672,2
1752471467,1.501,1.654,2
1752471467,1.472,1.678,2
1752471467,1.496,1.736,2
1752471467,1.437,1.619,2
1752471467,1.409,1.746,2
1752471467,1.386,1.608,2
1752471467,1.417,1.732,2
1752471467,1.452,1.602,2
1752471467,1.443,1.708,2
1752471467,1.464,1.573,2
1752471467,1.473,1.683,2
1752471467,1.53,1.634,2
1752471467,1.421,1.69,2
1752471467,1.525,1.67,2
1752471467,1.434,1.65,2
1752471467,1.516,1.758,2
1752471467,1.422,1.616,2
1752471467,1.494,1.713,2
1752471467,1.368,1.578,2
1752471467,1.489,1.721,2
1752471467,1.452,1.563,2
1752471467,1.479,1.728,2
1752471467,1.496,1.625,2
1752471467,1.442,1.646,2
1752471467,1.501,1.65,2
1752471467,1.434,1.621,2
1752471467,1.513,1.716,2
1752471467,1.406,1.613,2
1752471467,1.488,1.73,2
1752471467,1.365,1.639,2
1752471467,1.381,1.694,2
1752471467,1.445,1.623,2
1752471467,1.469,1.7,2
1752471467,1.467,1.628,2
1752471467,1.391,1.667,2
1752471467,1.509,1.655,2
1752471467,1.43,1.662,2
1752471467,1.455,1.683,2
1752471467,1.463,1.65,2
1752471467,1.484,1.745,2
1752471467,1.446,1.626,2
1752471467,1.454,1.709,2
1752471467,1.446,1.556,2
1752471467,1.471,1.715,2
1752471467,1.483,1.606,2
1752471467,1.467,1.665,2
1752471467,1.496,1.683,2
1752471467,1.423,1.641,2
1752471467,1.426,1.689,2
1752471467,1.479,1.674,2
1752471467,1.486,1.776,2
1752471467,1.438,1.638,2
1752471467,1.462,1.712,2
1752471467,1.388,1.542,2
1752471467,1.436,1.754,2
1752471467,1.447,1.573,2
1752471467,1.474,1.677,2
1752471467,1.472,1.652,2
1752471467,1.454,1.664,2
1752471467,1.541,1.687,2
1752471468,1.467,1.639,2
1752471468,1.513,1.743,2
1752471468,1.368,1.543,2
1752471468,1.494,1.722,2
1752471468,1.439,1.576,2
1752471468,1.41,1.7,2
1752471468,1.447,1.596,2
1752471468,1.46,1.672,2
1752471468,1.436,1.641,2
1752471468,1.469,1.668,2
1752471468,1.467,1.672,2
1752471468,1.438,1.677,2
1752471468,1.506,1.713,2
1752471468,1.453,1.621,2
1752471468,1.512,1.745,2
1752471468,1.451,1.602,2
1752471468,1.407,1.725,2
1752471468,1.427,1.52,2
1752471468,1.485,1.712,2
1752471468,1.452,1.571,2
1752471468,1.459,1.76,2
1752471468,1.522,1.616,2
1752471468,1.464,1.69,2
1752471468,1.481,1.742,2
1752471468,1.405,1.625,2
1752471468,1.44,1.744,2
1752471468,1.435,1.6,2
1752471468,1.487,1.763,2
1752471468,1.423,1.629,2
1752471468,1.509,1.7,2
1752471468,1.437,1.563,2
1752471468,1.425,1.736,2
1752471468,1.48,1.582,2
1752471468,1.432,1.659,2
1752471468,1.513,1.72,2
1752471468,1.444,1.65,2
1752471468,1.514,1.748,2
1752471468,1.425,1.627,2
1752471468,1.443,1.731,2
1752471468,1.445,1.577,2
1752471468,1.419,1.726,2
1752471468,1.477,1.562,2
1752471468,1.446,1.708,2
1752471468,1.466,1.629,2
1752471468,1.475,1.655,2
1752471468,1.475,1.716,2
1752471468,1.416,1.672,2
1752471468,1.478,1.745,2
1752471468,1.485,1.702,2
1752471468,1.511,1.769,2
1752471468,1.391,1.602,2
1752471468,1.456,1.729,2
1752471468,1.444,1.622,2
1752471468,1.431,1.734,2
1752471468,1.474,1.57,2
1752471468,1.467,1.665,2
1752471468,1.535,1.715,2
1752471468,1.42,1.618,2
1752471468,1.478,1.736,2
1752471468,1.436,1.64,2
1752471468,1.466,1.76,2
1752471468,1.412,1.571,2
1752471468,1.467,1.704,2
1752471468,1.459,1.589,2
1752471468,1.413,1.733,2
1752471468,1.478,1.574,2
1752471468,1.454,1.689,2
1752471468,1.525,1.613,2
1752471468,1.435,1.66,2
1752471468,1.498,1.675,2
1752471468,1.423,1.675,2
1752471468,1.502,1.677,2
1752471468,1.397,1.679,2
1752471468,1.466,1.728,2
1752471468,1.439,1.569,2
1752471468,1.499,1.8,2
1752471468,1.408,1.555,2
1752471468,1.479,1.736,2
1752471468,1.514,1.647,2
1752471468,1.406,1.632,2
1752471468,1.51,1.695,2
1752471468,1.414,1.656,2
1752471468,1.466,1.717,2
1752471468,1.389,1.677,2
1752471468,1.506,1.748,2
1752471468,1.434,1.584,2
1752471468,1.484,1.726,2
1752471468,1.441,1.57,2
1752471468,1.458,1.716,2
1752471468,1.474,1.542,2
1752471468,1.477,1.635,2
1752471468,1.526,1.631,2
1752471469,1.383,1.633,2
1752471469,1.509,1.75,2
1752471469,1.442,1.644,2
1752471469,1.543,1.754,2
1752471469,1.43,1.618,2
1752471469,1.503,1.672,2
1752471469,1.468,1.632,2
1752471469,1.439,1.699,2
1752471469,1.438,1.622,2
1752471469,1.487,1.665,2
1752471469,1.489,1.642,2
1752471469,1.409,1.663,2
1752471469,1.505,1.728,2
1752471469,1.451,1.661,2
1752471469,1.567,1.749,2
1752471469,1.442,1.642,2
1752471469,1.47,1.718,2
1752471469,1.386,1.595,2
1752471469,1.451,1.752,2
1752471469,1.459,1.586,2
1752471469,1.404,1.658,2
1752471469,1.512,1.646,2
1752471469,1.481,1.662,2
1752471469,1.508,1.679,2
1752471469,1.501,1.633,2
1752471469,1.555,1.704,2
1752471469,1.513,1.671,2
1752471469,1.504,1.709,2
1752471469,1.532,1.597,2
1752471469,1.478,1.716,2
1752471469,1.533,1.606,2
1752471469,1.537,1.667,2
1752471469,1.511,1.631,2
1752471469,1.517,1.692,2
1752471469,1.546,1.671,2
1752471469,1.545,1.659,2
1752471469,1.525,1.674,2
1752471469,1.51,1.636,2
1752471469,1.563,1.765,2
1752471469,1.529,1.596,2
1752471469,1.559,1.743,2
1752471469,1.443,1.601,2
1752471469,1.506,1.695,2
1752471469,1.494,1.579,2
1752471469,1.448,1.722,2
1752471469,1.5,1.577,2
1752471469,1.484,1.683,2
1752471469,1.618,1.736,2
1752471469,1.525,1.588,2
1752471469,1.532,1.665,2
1752471469,1.532,1.675,2
1752471469,1.618,1.644,2
1752471469,1.474,1.687,2
1752471469,1.387,1.762,2
1752471469,1.467,1.609,2
1752471469,1.505,1.729,2
1752471469,1.447,1.645,2
1752471469,1.442,1.719,2
1752471469,1.48,1.635,2
1752471469,1.363,1.641,2
1752471469,1.505,1.743,2
1752471469,1.449,1.6,2
1752471469,1.505,1.722,2
1752471469,1.42,1.64,2
1752471469,1.49,1.664,2
1752471469,1.48,1.521,2
1752471469,1.519,1.751,2
1752471469,1.498,1.608,2
1752471469,1.451,1.661,2
1752471469,1.474,1.619,2
1752471469,1.463,1.654,2
1752471469,1.488,1.721,2
1752471469,1.466,1.642,2
1752471469,1.44,1.729,2
1752471469,1.363,1.613,2
1752471469,1.459,1.733,2
1752471469,1.442,1.575,2
1752471469,1.539,1.725,2
1752471469,1.49,1.542,2
1752471469,1.478,1.695,2
1752471469,1.488,1.556,2
1752471469,1.577,1.727,2
1752471469,1.517,1.577,2
1752471469,1.56,1.717,2
1752471469,1.547,1.614,2
1752471469,1.529,1.683,2
1752471469,1.538,1.699,2
1752471469,1.507,1.659,2
1752471469,1.488,1.73,2
1752471469,1.491,1.628,2
1752471469,1.52,1.739,2
1752471469,1.562,1.558,2
1752471469,1.483,1.741,2
1752471470,1.452,1.561,2
1752471470,1.51,1.668,2
1752471470,1.516,1.671,2
1752471470,1.44,1.72,2
1752471470,1.559,1.599,2
1752471470,1.513,1.699,2
1752471470,1.535,1.738,2
1752471470,1.417,1.542,2
1752471470,1.55,1.764,2
1752471470,1.505,1.615,2
1752471470,1.597,1.763,2
1752471470,1.442,1.65,2
1752471470,1.466,1.77,2
1752471470,1.531,1.586,2
1752471470,1.57,1.707,2
1752471470,1.442,1.65,2
1752471470,1.5,1.694,2
1752471470,1.525,1.581,2
1752471470,1.433,1.725,2
1752471470,1.513,1.56,2
1752471470,1.467,1.719,2
1752471470,1.41,1.592,2
1752471470,1.488,1.705,2
1752471470,1.474,1.654,2
1752471470,1.49,1.667,2
1752471470,1.483,1.609,2
1752471470,1.455,1.667,2
1752471470,1.484,1.604,2
1752471470,1.445,1.696,2
1752471470,1.443,1.584,2
1752471470,1.438,1.628,2
1752471470,1.394,1.671,2
1752471470,1.42,1.637,2
1752471470,1.507,1.716,2
1752471470,1.442,1.651,2
1752471470,1.501,1.704,2
1752471470,1.455,1.622,2
1752471470,1.501,1.743,2
1752471470,1.464,1.597,2
1752471470,1.509,1.766,2
1752471470,1.433,1.567,2
1752471470,1.489,1.742,2
1752471470,1.434,1.631,2
1752471470,1.472,1.706,2
1752471470,1.448,1.59,2
1752471470,1.459,1.719,2
1752471470,1.405,1.573,2
1752471470,1.53,1.719,2
1752471470,1.488,1.62,2
1752471470,1.39,1.654,2
1752471470,1.503,1.651,2
1752471470,1.436,1.671,2
1752471470,1.487,1.683,2
1752471470,1.442,1.678,2
1752471470,1.453,1.702,2
1752471470,1.388,1.637,2
1752471470,1.501,1.769,2
1752471470,1.444,1.632,2
1752471470,1.521,1.73,2
1752471470,1.505,1.586,2
1752471470,1.421,1.715,2
1752471470,1.475,1.601,2
1752471470,1.444,1.744,2
1752471470,1.465,1.568,2
1752471470,1.519,1.698,2
1752471470,1.402,1.564,2
1752471470,1.498,1.608,2
1752471470,1.468,1.652,2
1752471470,1.468,1.625,2
1752471470,1.436,1.571,2
1752471470,1.422,1.837,2
1752471470,1.556,1.665,2
1752471470,1.506,1.667,2
1752471470,1.549,1.735,2
1752471470,1.498,1.693,2
1752471470,1.551,1.706,2
1752471470,1.476,1.599,2
1752471470,1.485,1.692,2
1752471470,1.446,1.696,2
1752471470,1.501,1.681,2
1752471470,1.343,1.642,2
1752471470,1.491,1.708,2
1752471470,1.442,1.623,2
1752471470,1.442,1.749,2
1752471470,1.448,1.654,2
1752471470,1.518,1.716,2
1752471470,1.496,1.637,2
1752471470,1.512,1.749,2
1752471470,1.46,1.622,2
1752471470,1.53,1.777,2
1752471470,1.369,1.622,2
1752471470,1.476,1.762,2
1752471470,1.408,1.623,2
1752471470,1.509,1.783,2
1752471470,1.492,1.658,2
1752471470,1.507,1.779,2
1752471471,1.4,1.614,2
1752471471,1.522,1.809,2
1752471471,1.486,1.65,2
1752471471,1.47,1.73,2
1752471471,1.42,1.652,2
1752471471,1.481,1.748,2
1752471471,1.464,1.561,2
1752471471,1.469,1.744,2
1752471471,1.397,1.642,2
1752471471,1.435,1.762,2
1752471471,1.455,1.636,2
1752471471,1.434,1.754,2
1752471471,1.449,1.62,2
1752471471,1.496,1.761,2
1752471471,1.439,1.618,2
1752471471,1.499,1.764,2
1752471471,1.542,1.646,2
1752471471,1.436,1.73,2
1752471471,1.451,1.602,2
1752471471,1.523,1.819,2
1752471471,1.468,1.598,2
1752471471,1.494,1.787,2
1752471471,1.459,1.67,2
1752471471,1.433,1.709,2
1752471471,1.465,1.599,2
1752471471,1.432,1.774,2
1752471471,1.438,1.637,2
1752471471,1.48,1.734,2
1752471471,1.417,1.676,2
1752471471,1.555,1.712,2
1752471471,1.444,1.633,2
1752471471,1.49,1.721,2
1752471471,1.355,1.615,2
1752471471,1.525,1.763,2
1752471471,1.434,1.614,2
1752471471,1.438,1.732,2
1752471471,1.485,1.642,2
1752471471,1.517,1.749,2
1752471471,1.451,1.615,2
1752471471,1.447,1.768,2
1752471471,1.433,1.632,2
1752471471,1.502,1.744,2
1752471471,1.459,1.671,2
1752471471,1.47,1.691,2
1752471471,1.427,1.608,2
1752471471,1.468,1.76,2
1752471471,1.436,1.638,2
1752471471,1.499,1.731,2
1752471471,1.435,1.62,2
1752471471,1.532,1.754,2
1752471471,1.423,1.629,2
1752471471,1.451,1.742,2
1752471471,1.459,1.63,2
1752471471,1.487,1.761,2
1752471471,1.436,1.62,2
1752471471,1.543,1.747,2
1752471471,1.41,1.615,2
1752471471,1.484,1.708,2
1752471471,1.436,1.592,2
1752471471,1.506,1.761,2
1752471471,1.423,1.662,2
1752471471,1.508,1.723,2
1752471471,1.415,1.633,2
1752471471,1.49,1.782,2
1752471471,1.343,1.618,2
1752471471,1.455,1.783,2
1752471471,1.457,1.657,2
1752471471,1.485,1.736,2
1752471471,1.43,1.595,2
1752471471,1.48,1.783,2
1752471471,1.438,1.613,2
1752471471,1.442,1.704,2
1752471471,1.371,1.622,2
1752471471,1.473,1.759,2
1752471471,1.442,1.607,2
1752471471,1.496,1.771,2
1752471471,1.419,1.613,2
1752471471,1.464,1.738,2
1752471471,1.426,1.646,2
1752471471,1.454,1.758,2
1752471471,1.435,1.632,2
1752471471,1.474,1.729,2
1752471471,1.442,1.617,2
1752471471,1.443,1.783,2
1752471471,1.453,1.606,2
1752471471,1.489,1.764,2
1752471471,1.451,1.604,2
1752471471,1.48,1.729,2
1752471471,1.443,1.599,2
1752471471,1.501,1.729,2
1752471471,1.497,1.597,2
1752471471,1.519,1.776,2
1752471471,1.469,1.584,2
1752471471,1.463,1.708,2
1752471471,1.451,1.654,2
1752471471,1.48,1.791,2
1752471471,1.388,1.582,2
1752471471,1.459,1.776,2
1752471471,1.354,1.62,2
1752471471,1.453,1.77,2
1752471472,1.428,1.642,2
1752471472,1.472,1.752,2
1752471472,1.396,1.59,2
1752471472,1.449,1.754,2
1752471472,1.449,1.644,2
1752471472,1.478,1.764,2
1752471472,1.259,1.651,2
1752471472,1.429,1.737,2
1752471472,1.436,1.586,2
1752471472,1.439,1.81,2
1752471472,1.414,1.587,2
1752471472,1.471,1.779,2
1752471472,1.427,1.57,2
1752471472,1.467,1.783,2
1752471472,1.338,1.596,2
1752471472,1.479,1.751,2
1752471472,1.405,1.58,2
1752471472,1.505,1.752,2
1752471472,1.474,1.567,2
1752471472,1.461,1.763,2
1752471472,1.43,1.603,2
1752471472,1.479,1.725,2
1752471472,1.419,1.623,2
1752471472,1.453,1.696,2
1752471472,1.434,1.628,2
1752471472,1.5,1.748,2
1752471472,1.453,1.605,2
1752471472,1.479,1.761,2
1752471472,1.472,1.632,2
1752471472,1.544,1.766,2
1752471472,1.422,1.6,2
1752471472,1.485,1.757,2
1752471472,1.408,1.654,2
1752471472,1.488,1.754,2
1752471472,1.43,1.595,2
1752471472,1.505,1.783,2
1752471472,1.372,1.566,2
1752471472,1.445,1.679,2
1752471472,1.457,1.598,2
1752471472,1.43,1.837,2
1752471472,1.447,1.599,2
1752471472,1.496,1.76,2
1752471472,1.449,1.608,2
1752471472,1.477,1.731,2
1752471472,1.428,1.563,2
1752471472,1.48,1.745,2
1752471472,1.435,1.596,2
1752471472,1.486,1.789,2
1752471472,1.447,1.619,2
1752471472,1.483,1.733,2
1752471472,1.422,1.589,2
1752471472,1.467,1.762,2
1752471472,1.328,1.602,2
1752471472,1.506,1.71,2
1752471472,1.451,1.633,2
1752471472,1.464,1.793,2
1752471472,1.432,1.578,2
1752471472,1.48,1.737,2
1752471472,1.419,1.603,2
1752471472,1.466,1.729,2
1752471472,1.427,1.633,2
1752471472,1.484,1.787,2
1752471472,1.414,1.617,2
1752471472,1.497,1.708,2
1752471472,1.445,1.629,2
1752471472,1.38,1.741,2
1752471472,1.44,1.602,2
1752471472,1.503,1.725,2
1752471472,1.446,1.585,2
1752471472,1.446,1.782,2
1752471472,1.374,1.595,2
1752471472,1.499,1.704,2
1752471472,1.44,1.658,2
1752471472,1.466,1.774,2
1752471472,1.414,1.592,2
1752471472,1.422,1.731,2
1752471472,1.459,1.605,2
1752471472,1.507,1.727,2
1752471472,1.391,1.601,2
1752471472,1.484,1.725,2
1752471472,1.419,1.588,2
1752471472,1.497,1.743,2
1752471472,1.349,1.608,2
1752471472,1.472,1.764,2
1752471472,1.388,1.601,2
1752471472,1.504,1.762,2
1752471472,1.36,1.558,2
1752471472,1.492,1.742,2
1752471472,1.42,1.607,2
1752471472,1.439,1.702,2
1752471472,1.416,1.636,2
1752471472,1.442,1.733,2
1752471472,1.406,1.571,2
1752471472,1.465,1.704,2
1752471472,1.447,1.637,2
1752471472,1.479,1.733,2
1752471472,1.434,1.633,2
1752471472,1.48,1.75,2
1752471472,1.466,1.62,2
1752471472,1.481,1.749,2
1752471473,1.42,1.594,2
1752471473,1.474,1.743,2
1752471473,1.369,1.593,2
1752471473,1.492,1.718,2
1752471473,1.444,1.584,2
1752471473,1.478,1.755,2
1752471473,1.405,1.601,2
1752471473,1.465,1.738,2
